Gliadin name,Gliadin sequence,Epitope,Parent protein,Location
>sp|P18573|GDA9_WHEAT Alpha/beta-gliadin MM1 OS=Triticum aestivum OX=4565 PE=1 SV=1,MKTFLILALLAIVATTARIAVRVPVPQLQPQNPSQQQPQEQVPLVQQQQFPGQQQPFPPQQPYPQPQPFPSQQPYLQLQPFPQPQLPYPQPQLPYPQPQLPYPQPQPFRPQQPYPQSQPQYSQPQQPISQQQQQQQQQQQQKQQQQQQQQILQQILQQQLIPCRDVVLQQHSIAYGSSQVLQQSTYQLVQQLCCQQLWQIPEQSRCQAIHNVVHAIILHQQQQQQQQQQQQPLSQVSFQQPQQQYPSGQGSFQPSQQNPQAQGSVQPQQLPQFEEIRNLALETLPAMCNVYIPPYCTIAPVGIFGTN,YIYFNTWTTCQSIAFPSKTSA,Myelin Proteolipid Protein,CNS
>sp|P18573|GDA9_WHEAT Alpha/beta-gliadin MM1 OS=Triticum aestivum OX=4565 PE=1 SV=2,MKTFLILALLAIVATTARIAVRVPVPQLQPQNPSQQQPQEQVPLVQQQQFPGQQQPFPPQQPYPQPQPFPSQQPYLQLQPFPQPQLPYPQPQLPYPQPQLPYPQPQPFRPQQPYPQSQPQYSQPQQPISQQQQQQQQQQQQKQQQQQQQQILQQILQQQLIPCRDVVLQQHSIAYGSSQVLQQSTYQLVQQLCCQQLWQIPEQSRCQAIHNVVHAIILHQQQQQQQQQQQQPLSQVSFQQPQQQYPSGQGSFQPSQQNPQAQGSVQPQQLPQFEEIRNLALETLPAMCNVYIPPYCTIAPVGIFGTN,WYRSKFADLTDAAAR,Glial Fibrillary Acidic Protein,CNS
>sp|P18573|GDA9_WHEAT Alpha/beta-gliadin MM1 OS=Triticum aestivum OX=4565 PE=1 SV=3,MKTFLILALLAIVATTARIAVRVPVPQLQPQNPSQQQPQEQVPLVQQQQFPGQQQPFPPQQPYPQPQPFPSQQPYLQLQPFPQPQLPYPQPQLPYPQPQLPYPQPQPFRPQQPYPQSQPQYSQPQQPISQQQQQQQQQQQQKQQQQQQQQILQQILQQQLIPCRDVVLQQHSIAYGSSQVLQQSTYQLVQQLCCQQLWQIPEQSRCQAIHNVVHAIILHQQQQQQQQQQQQPLSQVSFQQPQQQYPSGQGSFQPSQQNPQAQGSVQPQQLPQFEEIRNLALETLPAMCNVYIPPYCTIAPVGIFGTN,WTTCQSIAFPSKTSASIGSL,Myelin Proteolipid Protein,CNS
>sp|P18573|GDA9_WHEAT Alpha/beta-gliadin MM1 OS=Triticum aestivum OX=4565 PE=1 SV=4,MKTFLILALLAIVATTARIAVRVPVPQLQPQNPSQQQPQEQVPLVQQQQFPGQQQPFPPQQPYPQPQPFPSQQPYLQLQPFPQPQLPYPQPQLPYPQPQLPYPQPQPFRPQQPYPQSQPQYSQPQQPISQQQQQQQQQQQQKQQQQQQQQILQQILQQQLIPCRDVVLQQHSIAYGSSQVLQQSTYQLVQQLCCQQLWQIPEQSRCQAIHNVVHAIILHQQQQQQQQQQQQPLSQVSFQQPQQQYPSGQGSFQPSQQNPQAQGSVQPQQLPQFEEIRNLALETLPAMCNVYIPPYCTIAPVGIFGTN,VRAPAKPRSPPRSER,Myelin-associated Oligodendrocyte Basic Protein,CNS
>sp|P18573|GDA9_WHEAT Alpha/beta-gliadin MM1 OS=Triticum aestivum OX=4565 PE=1 SV=5,MKTFLILALLAIVATTARIAVRVPVPQLQPQNPSQQQPQEQVPLVQQQQFPGQQQPFPPQQPYPQPQPFPSQQPYLQLQPFPQPQLPYPQPQLPYPQPQLPYPQPQPFRPQQPYPQSQPQYSQPQQPISQQQQQQQQQQQQKQQQQQQQQILQQILQQQLIPCRDVVLQQHSIAYGSSQVLQQSTYQLVQQLCCQQLWQIPEQSRCQAIHNVVHAIILHQQQQQQQQQQQQPLSQVSFQQPQQQYPSGQGSFQPSQQNPQAQGSVQPQQLPQFEEIRNLALETLPAMCNVYIPPYCTIAPVGIFGTN,TWTTCQSIAFPSKTSASIGS,Myelin Proteolipid Protein,CNS
>sp|P18573|GDA9_WHEAT Alpha/beta-gliadin MM1 OS=Triticum aestivum OX=4565 PE=1 SV=6,MKTFLILALLAIVATTARIAVRVPVPQLQPQNPSQQQPQEQVPLVQQQQFPGQQQPFPPQQPYPQPQPFPSQQPYLQLQPFPQPQLPYPQPQLPYPQPQLPYPQPQPFRPQQPYPQSQPQYSQPQQPISQQQQQQQQQQQQKQQQQQQQQILQQILQQQLIPCRDVVLQQHSIAYGSSQVLQQSTYQLVQQLCCQQLWQIPEQSRCQAIHNVVHAIILHQQQQQQQQQQQQPLSQVSFQQPQQQYPSGQGSFQPSQQNPQAQGSVQPQQLPQFEEIRNLALETLPAMCNVYIPPYCTIAPVGIFGTN,TFDPHFLRVPCWKITLFVIV,Myelin Oligodendrocyte Glycoprotein Precursor,CNS
>sp|P18573|GDA9_WHEAT Alpha/beta-gliadin MM1 OS=Triticum aestivum OX=4565 PE=1 SV=7,MKTFLILALLAIVATTARIAVRVPVPQLQPQNPSQQQPQEQVPLVQQQQFPGQQQPFPPQQPYPQPQPFPSQQPYLQLQPFPQPQLPYPQPQLPYPQPQLPYPQPQPFRPQQPYPQSQPQYSQPQQPISQQQQQQQQQQQQKQQQQQQQQILQQILQQQLIPCRDVVLQQHSIAYGSSQVLQQSTYQLVQQLCCQQLWQIPEQSRCQAIHNVVHAIILHQQQQQQQQQQQQPLSQVSFQQPQQQYPSGQGSFQPSQQNPQAQGSVQPQQLPQFEEIRNLALETLPAMCNVYIPPYCTIAPVGIFGTN,SKTSASIGSLCADARMYGVLP,Myelin Proteolipid Protein,CNS
>sp|P18573|GDA9_WHEAT Alpha/beta-gliadin MM1 OS=Triticum aestivum OX=4565 PE=1 SV=8,MKTFLILALLAIVATTARIAVRVPVPQLQPQNPSQQQPQEQVPLVQQQQFPGQQQPFPPQQPYPQPQPFPSQQPYLQLQPFPQPQLPYPQPQLPYPQPQLPYPQPQPFRPQQPYPQSQPQYSQPQQPISQQQQQQQQQQQQKQQQQQQQQILQQILQQQLIPCRDVVLQQHSIAYGSSQVLQQSTYQLVQQLCCQQLWQIPEQSRCQAIHNVVHAIILHQQQQQQQQQQQQPLSQVSFQQPQQQYPSGQGSFQPSQQNPQAQGSVQPQQLPQFEEIRNLALETLPAMCNVYIPPYCTIAPVGIFGTN,RLRGKLRAE,Myelin Oligodendrocyte Glycoprotein Precursor,CNS
>sp|P18573|GDA9_WHEAT Alpha/beta-gliadin MM1 OS=Triticum aestivum OX=4565 PE=1 SV=9,MKTFLILALLAIVATTARIAVRVPVPQLQPQNPSQQQPQEQVPLVQQQQFPGQQQPFPPQQPYPQPQPFPSQQPYLQLQPFPQPQLPYPQPQLPYPQPQLPYPQPQPFRPQQPYPQSQPQYSQPQQPISQQQQQQQQQQQQKQQQQQQQQILQQILQQQLIPCRDVVLQQHSIAYGSSQVLQQSTYQLVQQLCCQQLWQIPEQSRCQAIHNVVHAIILHQQQQQQQQQQQQPLSQVSFQQPQQQYPSGQGSFQPSQQNPQAQGSVQPQQLPQFEEIRNLALETLPAMCNVYIPPYCTIAPVGIFGTN,RCGLQELGPGLFRGL,Reticulon-4 Receptor,CNS
>sp|P18573|GDA9_WHEAT Alpha/beta-gliadin MM1 OS=Triticum aestivum OX=4565 PE=1 SV=10,MKTFLILALLAIVATTARIAVRVPVPQLQPQNPSQQQPQEQVPLVQQQQFPGQQQPFPPQQPYPQPQPFPSQQPYLQLQPFPQPQLPYPQPQLPYPQPQLPYPQPQPFRPQQPYPQSQPQYSQPQQPISQQQQQQQQQQQQKQQQQQQQQILQQILQQQLIPCRDVVLQQHSIAYGSSQVLQQSTYQLVQQLCCQQLWQIPEQSRCQAIHNVVHAIILHQQQQQQQQQQQQPLSQVSFQQPQQQYPSGQGSFQPSQQNPQAQGSVQPQQLPQFEEIRNLALETLPAMCNVYIPPYCTIAPVGIFGTN,RAEIENLHRTFDPHF,Myelin Oligodendrocyte Glycoprotein Precursor,CNS
>sp|P18573|GDA9_WHEAT Alpha/beta-gliadin MM1 OS=Triticum aestivum OX=4565 PE=1 SV=11,MKTFLILALLAIVATTARIAVRVPVPQLQPQNPSQQQPQEQVPLVQQQQFPGQQQPFPPQQPYPQPQPFPSQQPYLQLQPFPQPQLPYPQPQLPYPQPQLPYPQPQPFRPQQPYPQSQPQYSQPQQPISQQQQQQQQQQQQKQQQQQQQQILQQILQQQLIPCRDVVLQQHSIAYGSSQVLQQSTYQLVQQLCCQQLWQIPEQSRCQAIHNVVHAIILHQQQQQQQQQQQQPLSQVSFQQPQQQYPSGQGSFQPSQQNPQAQGSVQPQQLPQFEEIRNLALETLPAMCNVYIPPYCTIAPVGIFGTN,PRSPPRSERQPRPRP,Myelin-associated Oligodendrocyte Basic Protein,CNS
>sp|P18573|GDA9_WHEAT Alpha/beta-gliadin MM1 OS=Triticum aestivum OX=4565 PE=1 SV=12,MKTFLILALLAIVATTARIAVRVPVPQLQPQNPSQQQPQEQVPLVQQQQFPGQQQPFPPQQPYPQPQPFPSQQPYLQLQPFPQPQLPYPQPQLPYPQPQLPYPQPQPFRPQQPYPQSQPQYSQPQQPISQQQQQQQQQQQQKQQQQQQQQILQQILQQQLIPCRDVVLQQHSIAYGSSQVLQQSTYQLVQQLCCQQLWQIPEQSRCQAIHNVVHAIILHQQQQQQQQQQQQPLSQVSFQQPQQQYPSGQGSFQPSQQNPQAQGSVQPQQLPQFEEIRNLALETLPAMCNVYIPPYCTIAPVGIFGTN,NTWTTCQSIAFPSK,Myelin Proteolipid Protein,CNS
>sp|P18573|GDA9_WHEAT Alpha/beta-gliadin MM1 OS=Triticum aestivum OX=4565 PE=1 SV=13,MKTFLILALLAIVATTARIAVRVPVPQLQPQNPSQQQPQEQVPLVQQQQFPGQQQPFPPQQPYPQPQPFPSQQPYLQLQPFPQPQLPYPQPQLPYPQPQLPYPQPQPFRPQQPYPQSQPQYSQPQQPISQQQQQQQQQQQQKQQQQQQQQILQQILQQQLIPCRDVVLQQHSIAYGSSQVLQQSTYQLVQQLCCQQLWQIPEQSRCQAIHNVVHAIILHQQQQQQQQQQQQPLSQVSFQQPQQQYPSGQGSFQPSQQNPQAQGSVQPQQLPQFEEIRNLALETLPAMCNVYIPPYCTIAPVGIFGTN,LRVPCWKITLFVIVPV,Myelin Oligodendrocyte Glycoprotein Precursor,CNS
>sp|P18573|GDA9_WHEAT Alpha/beta-gliadin MM1 OS=Triticum aestivum OX=4565 PE=1 SV=14,MKTFLILALLAIVATTARIAVRVPVPQLQPQNPSQQQPQEQVPLVQQQQFPGQQQPFPPQQPYPQPQPFPSQQPYLQLQPFPQPQLPYPQPQLPYPQPQLPYPQPQPFRPQQPYPQSQPQYSQPQQPISQQQQQQQQQQQQKQQQQQQQQILQQILQQQLIPCRDVVLQQHSIAYGSSQVLQQSTYQLVQQLCCQQLWQIPEQSRCQAIHNVVHAIILHQQQQQQQQQQQQPLSQVSFQQPQQQYPSGQGSFQPSQQNPQAQGSVQPQQLPQFEEIRNLALETLPAMCNVYIPPYCTIAPVGIFGTN,KRPSQRHGSK,Myelin Basic Protein,CNS
>sp|P18573|GDA9_WHEAT Alpha/beta-gliadin MM1 OS=Triticum aestivum OX=4565 PE=1 SV=15,MKTFLILALLAIVATTARIAVRVPVPQLQPQNPSQQQPQEQVPLVQQQQFPGQQQPFPPQQPYPQPQPFPSQQPYLQLQPFPQPQLPYPQPQLPYPQPQLPYPQPQPFRPQQPYPQSQPQYSQPQQPISQQQQQQQQQQQQKQQQQQQQQILQQILQQQLIPCRDVVLQQHSIAYGSSQVLQQSTYQLVQQLCCQQLWQIPEQSRCQAIHNVVHAIILHQQQQQQQQQQQQPLSQVSFQQPQQQYPSGQGSFQPSQQNPQAQGSVQPQQLPQFEEIRNLALETLPAMCNVYIPPYCTIAPVGIFGTN,KLRAEIENL,Myelin Oligodendrocyte Glycoprotein Precursor,CNS
>sp|P18573|GDA9_WHEAT Alpha/beta-gliadin MM1 OS=Triticum aestivum OX=4565 PE=1 SV=16,MKTFLILALLAIVATTARIAVRVPVPQLQPQNPSQQQPQEQVPLVQQQQFPGQQQPFPPQQPYPQPQPFPSQQPYLQLQPFPQPQLPYPQPQLPYPQPQLPYPQPQPFRPQQPYPQSQPQYSQPQQPISQQQQQQQQQQQQKQQQQQQQQILQQILQQQLIPCRDVVLQQHSIAYGSSQVLQQSTYQLVQQLCCQQLWQIPEQSRCQAIHNVVHAIILHQQQQQQQQQQQQPLSQVSFQQPQQQYPSGQGSFQPSQQNPQAQGSVQPQQLPQFEEIRNLALETLPAMCNVYIPPYCTIAPVGIFGTN,IAFPSKTSASIGSLC,Myelin Proteolipid Protein,CNS
>sp|P18573|GDA9_WHEAT Alpha/beta-gliadin MM1 OS=Triticum aestivum OX=4565 PE=1 SV=17,MKTFLILALLAIVATTARIAVRVPVPQLQPQNPSQQQPQEQVPLVQQQQFPGQQQPFPPQQPYPQPQPFPSQQPYLQLQPFPQPQLPYPQPQLPYPQPQLPYPQPQPFRPQQPYPQSQPQYSQPQQPISQQQQQQQQQQQQKQQQQQQQQILQQILQQQLIPCRDVVLQQHSIAYGSSQVLQQSTYQLVQQLCCQQLWQIPEQSRCQAIHNVVHAIILHQQQQQQQQQQQQPLSQVSFQQPQQQYPSGQGSFQPSQQNPQAQGSVQPQQLPQFEEIRNLALETLPAMCNVYIPPYCTIAPVGIFGTN,GGAAAQSLYIANHAY,Fructose-biphosphate Aldolase C,CNS
>sp|P18573|GDA9_WHEAT Alpha/beta-gliadin MM1 OS=Triticum aestivum OX=4565 PE=1 SV=18,MKTFLILALLAIVATTARIAVRVPVPQLQPQNPSQQQPQEQVPLVQQQQFPGQQQPFPPQQPYPQPQPFPSQQPYLQLQPFPQPQLPYPQPQLPYPQPQLPYPQPQPFRPQQPYPQSQPQYSQPQQPISQQQQQQQQQQQQKQQQQQQQQILQQILQQQLIPCRDVVLQQHSIAYGSSQVLQQSTYQLVQQLCCQQLWQIPEQSRCQAIHNVVHAIILHQQQQQQQQQQQQPLSQVSFQQPQQQYPSGQGSFQPSQQNPQAQGSVQPQQLPQFEEIRNLALETLPAMCNVYIPPYCTIAPVGIFGTN,FDPHFLRVPCWKITL,Myelin Oligodendrocyte Glycoprotein Precursor,CNS
>sp|P18573|GDA9_WHEAT Alpha/beta-gliadin MM1 OS=Triticum aestivum OX=4565 PE=1 SV=19,MKTFLILALLAIVATTARIAVRVPVPQLQPQNPSQQQPQEQVPLVQQQQFPGQQQPFPPQQPYPQPQPFPSQQPYLQLQPFPQPQLPYPQPQLPYPQPQLPYPQPQPFRPQQPYPQSQPQYSQPQQPISQQQQQQQQQQQQKQQQQQQQQILQQILQQQLIPCRDVVLQQHSIAYGSSQVLQQSTYQLVQQLCCQQLWQIPEQSRCQAIHNVVHAIILHQQQQQQQQQQQQPLSQVSFQQPQQQYPSGQGSFQPSQQNPQAQGSVQPQQLPQFEEIRNLALETLPAMCNVYIPPYCTIAPVGIFGTN,ENLHRTFDPHFLRVPCW,Myelin Oligodendrocyte Glycoprotein Precursor,CNS
>sp|P18573|GDA9_WHEAT Alpha/beta-gliadin MM1 OS=Triticum aestivum OX=4565 PE=1 SV=20,MKTFLILALLAIVATTARIAVRVPVPQLQPQNPSQQQPQEQVPLVQQQQFPGQQQPFPPQQPYPQPQPFPSQQPYLQLQPFPQPQLPYPQPQLPYPQPQLPYPQPQPFRPQQPYPQSQPQYSQPQQPISQQQQQQQQQQQQKQQQQQQQQILQQILQQQLIPCRDVVLQQHSIAYGSSQVLQQSTYQLVQQLCCQQLWQIPEQSRCQAIHNVVHAIILHQQQQQQQQQQQQPLSQVSFQQPQQQYPSGQGSFQPSQQNPQAQGSVQPQQLPQFEEIRNLALETLPAMCNVYIPPYCTIAPVGIFGTN,CVCYNEPKVTTSCPQ,Reticulon-4 Receptor,CNS
>sp|P18573|GDA9_WHEAT Alpha/beta-gliadin MM1 OS=Triticum aestivum OX=4565 PE=1 SV=21,MKTFLILALLAIVATTARIAVRVPVPQLQPQNPSQQQPQEQVPLVQQQQFPGQQQPFPPQQPYPQPQPFPSQQPYLQLQPFPQPQLPYPQPQLPYPQPQLPYPQPQPFRPQQPYPQSQPQYSQPQQPISQQQQQQQQQQQQKQQQQQQQQILQQILQQQLIPCRDVVLQQHSIAYGSSQVLQQSTYQLVQQLCCQQLWQIPEQSRCQAIHNVVHAIILHQQQQQQQQQQQQPLSQVSFQQPQQQYPSGQGSFQPSQQNPQAQGSVQPQQLPQFEEIRNLALETLPAMCNVYIPPYCTIAPVGIFGTN,CQSIAFPSKTSASIGSLCAD,Myelin Proteolipid Protein,CNS
>sp|P18573|GDA9_WHEAT Alpha/beta-gliadin MM1 OS=Triticum aestivum OX=4565 PE=1 SV=22,MKTFLILALLAIVATTARIAVRVPVPQLQPQNPSQQQPQEQVPLVQQQQFPGQQQPFPPQQPYPQPQPFPSQQPYLQLQPFPQPQLPYPQPQLPYPQPQLPYPQPQPFRPQQPYPQSQPQYSQPQQPISQQQQQQQQQQQQKQQQQQQQQILQQILQQQLIPCRDVVLQQHSIAYGSSQVLQQSTYQLVQQLCCQQLWQIPEQSRCQAIHNVVHAIILHQQQQQQQQQQQQPLSQVSFQQPQQQYPSGQGSFQPSQQNPQAQGSVQPQQLPQFEEIRNLALETLPAMCNVYIPPYCTIAPVGIFGTN,ASQKRPSQRHGSKY,Myelin Basic Protein,CNS
>sp|P18573|GDA9_WHEAT Alpha/beta-gliadin MM1 OS=Triticum aestivum OX=4565 PE=1 SV=23,MKTFLILALLAIVATTARIAVRVPVPQLQPQNPSQQQPQEQVPLVQQQQFPGQQQPFPPQQPYPQPQPFPSQQPYLQLQPFPQPQLPYPQPQLPYPQPQLPYPQPQPFRPQQPYPQSQPQYSQPQQPISQQQQQQQQQQQQKQQQQQQQQILQQILQQQLIPCRDVVLQQHSIAYGSSQVLQQSTYQLVQQLCCQQLWQIPEQSRCQAIHNVVHAIILHQQQQQQQQQQQQPLSQVSFQQPQQQYPSGQGSFQPSQQNPQAQGSVQPQQLPQFEEIRNLALETLPAMCNVYIPPYCTIAPVGIFGTN,APEYRGRTELLK,Myelin Oligodendrocyte Glycoprotein Precursor,CNS
>sp|P18573|GDA9_WHEAT Alpha/beta-gliadin MM1 OS=Triticum aestivum OX=4565 PE=1 SV=24,MKTFLILALLAIVATTARIAVRVPVPQLQPQNPSQQQPQEQVPLVQQQQFPGQQQPFPPQQPYPQPQPFPSQQPYLQLQPFPQPQLPYPQPQLPYPQPQLPYPQPQPFRPQQPYPQSQPQYSQPQQPISQQQQQQQQQQQQKQQQQQQQQILQQILQQQLIPCRDVVLQQHSIAYGSSQVLQQSTYQLVQQLCCQQLWQIPEQSRCQAIHNVVHAIILHQQQQQQQQQQQQPLSQVSFQQPQQQYPSGQGSFQPSQQNPQAQGSVQPQQLPQFEEIRNLALETLPAMCNVYIPPYCTIAPVGIFGTN,SSNAGGGGGGA,SOX4,"CNS, heart, stomach"
>sp|P18573|GDA9_WHEAT Alpha/beta-gliadin MM1 OS=Triticum aestivum OX=4565 PE=1 SV=25,MKTFLILALLAIVATTARIAVRVPVPQLQPQNPSQQQPQEQVPLVQQQQFPGQQQPFPPQQPYPQPQPFPSQQPYLQLQPFPQPQLPYPQPQLPYPQPQLPYPQPQPFRPQQPYPQSQPQYSQPQQPISQQQQQQQQQQQQKQQQQQQQQILQQILQQQLIPCRDVVLQQHSIAYGSSQVLQQSTYQLVQQLCCQQLWQIPEQSRCQAIHNVVHAIILHQQQQQQQQQQQQPLSQVSFQQPQQQYPSGQGSFQPSQQNPQAQGSVQPQQLPQFEEIRNLALETLPAMCNVYIPPYCTIAPVGIFGTN,VLIRHGESAWNLENR,Phosphoglycerate Mutase 1,"CNS, liver"
>sp|P18573|GDA9_WHEAT Alpha/beta-gliadin MM1 OS=Triticum aestivum OX=4565 PE=1 SV=26,MKTFLILALLAIVATTARIAVRVPVPQLQPQNPSQQQPQEQVPLVQQQQFPGQQQPFPPQQPYPQPQPFPSQQPYLQLQPFPQPQLPYPQPQLPYPQPQLPYPQPQPFRPQQPYPQSQPQYSQPQQPISQQQQQQQQQQQQKQQQQQQQQILQQILQQQLIPCRDVVLQQHSIAYGSSQVLQQSTYQLVQQLCCQQLWQIPEQSRCQAIHNVVHAIILHQQQQQQQQQQQQPLSQVSFQQPQQQYPSGQGSFQPSQQNPQAQGSVQPQQLPQFEEIRNLALETLPAMCNVYIPPYCTIAPVGIFGTN,MAAYKLVLIRHGESA,Phosphoglycerate Mutase 1,"CNS, liver"
>sp|P18573|GDA9_WHEAT Alpha/beta-gliadin MM1 OS=Triticum aestivum OX=4565 PE=1 SV=27,MKTFLILALLAIVATTARIAVRVPVPQLQPQNPSQQQPQEQVPLVQQQQFPGQQQPFPPQQPYPQPQPFPSQQPYLQLQPFPQPQLPYPQPQLPYPQPQLPYPQPQPFRPQQPYPQSQPQYSQPQQPISQQQQQQQQQQQQKQQQQQQQQILQQILQQQLIPCRDVVLQQHSIAYGSSQVLQQSTYQLVQQLCCQQLWQIPEQSRCQAIHNVVHAIILHQQQQQQQQQQQQPLSQVSFQQPQQQYPSGQGSFQPSQQNPQAQGSVQPQQLPQFEEIRNLALETLPAMCNVYIPPYCTIAPVGIFGTN,ESAWNLENRFSGWYD,Phosphoglycerate Mutase 1,"CNS, liver"
>sp|P18573|GDA9_WHEAT Alpha/beta-gliadin MM1 OS=Triticum aestivum OX=4565 PE=1 SV=28,MKTFLILALLAIVATTARIAVRVPVPQLQPQNPSQQQPQEQVPLVQQQQFPGQQQPFPPQQPYPQPQPFPSQQPYLQLQPFPQPQLPYPQPQLPYPQPQLPYPQPQPFRPQQPYPQSQPQYSQPQQPISQQQQQQQQQQQQKQQQQQQQQILQQILQQQLIPCRDVVLQQHSIAYGSSQVLQQSTYQLVQQLCCQQLWQIPEQSRCQAIHNVVHAIILHQQQQQQQQQQQQPLSQVSFQQPQQQYPSGQGSFQPSQQNPQAQGSVQPQQLPQFEEIRNLALETLPAMCNVYIPPYCTIAPVGIFGTN,WSQLLANSAARKKKL,"Spectrin Beta Chain, Erythrocytic","CNS, lung, kidney"
>sp|P18573|GDA9_WHEAT Alpha/beta-gliadin MM1 OS=Triticum aestivum OX=4565 PE=1 SV=29,MKTFLILALLAIVATTARIAVRVPVPQLQPQNPSQQQPQEQVPLVQQQQFPGQQQPFPPQQPYPQPQPFPSQQPYLQLQPFPQPQLPYPQPQLPYPQPQLPYPQPQPFRPQQPYPQSQPQYSQPQQPISQQQQQQQQQQQQKQQQQQQQQILQQILQQQLIPCRDVVLQQHSIAYGSSQVLQQSTYQLVQQLCCQQLWQIPEQSRCQAIHNVVHAIILHQQQQQQQQQQQQPLSQVSFQQPQQQYPSGQGSFQPSQQNPQAQGSVQPQQLPQFEEIRNLALETLPAMCNVYIPPYCTIAPVGIFGTN,VSLLHFVPTREANGH,Myelin-associated Glycoprotein,"PNS, CNS"
>sp|P18573|GDA9_WHEAT Alpha/beta-gliadin MM1 OS=Triticum aestivum OX=4565 PE=1 SV=30,MKTFLILALLAIVATTARIAVRVPVPQLQPQNPSQQQPQEQVPLVQQQQFPGQQQPFPPQQPYPQPQPFPSQQPYLQLQPFPQPQLPYPQPQLPYPQPQLPYPQPQPFRPQQPYPQSQPQYSQPQQPISQQQQQQQQQQQQKQQQQQQQQILQQILQQQLIPCRDVVLQQHSIAYGSSQVLQQSTYQLVQQLCCQQLWQIPEQSRCQAIHNVVHAIILHQQQQQQQQQQQQPLSQVSFQQPQQQYPSGQGSFQPSQQNPQAQGSVQPQQLPQFEEIRNLALETLPAMCNVYIPPYCTIAPVGIFGTN,VLFSSDFRI,Myelin-associated Glycoprotein,"PNS, CNS"
>sp|P18573|GDA9_WHEAT Alpha/beta-gliadin MM1 OS=Triticum aestivum OX=4565 PE=1 SV=31,MKTFLILALLAIVATTARIAVRVPVPQLQPQNPSQQQPQEQVPLVQQQQFPGQQQPFPPQQPYPQPQPFPSQQPYLQLQPFPQPQLPYPQPQLPYPQPQLPYPQPQPFRPQQPYPQSQPQYSQPQQPISQQQQQQQQQQQQKQQQQQQQQILQQILQQQLIPCRDVVLQQHSIAYGSSQVLQQSTYQLVQQLCCQQLWQIPEQSRCQAIHNVVHAIILHQQQQQQQQQQQQPLSQVSFQQPQQQYPSGQGSFQPSQQNPQAQGSVQPQQLPQFEEIRNLALETLPAMCNVYIPPYCTIAPVGIFGTN,SSVEAIEGSHVSLLC,Myelin-associated Glycoprotein,"PNS, CNS"
>sp|P18573|GDA9_WHEAT Alpha/beta-gliadin MM1 OS=Triticum aestivum OX=4565 PE=1 SV=32,MKTFLILALLAIVATTARIAVRVPVPQLQPQNPSQQQPQEQVPLVQQQQFPGQQQPFPPQQPYPQPQPFPSQQPYLQLQPFPQPQLPYPQPQLPYPQPQLPYPQPQPFRPQQPYPQSQPQYSQPQQPISQQQQQQQQQQQQKQQQQQQQQILQQILQQQLIPCRDVVLQQHSIAYGSSQVLQQSTYQLVQQLCCQQLWQIPEQSRCQAIHNVVHAIILHQQQQQQQQQQQQPLSQVSFQQPQQQYPSGQGSFQPSQQNPQAQGSVQPQQLPQFEEIRNLALETLPAMCNVYIPPYCTIAPVGIFGTN,SAFEGTCVSIPCRFD,Myelin-associated Glycoprotein,"PNS, CNS"
>sp|P18573|GDA9_WHEAT Alpha/beta-gliadin MM1 OS=Triticum aestivum OX=4565 PE=1 SV=33,MKTFLILALLAIVATTARIAVRVPVPQLQPQNPSQQQPQEQVPLVQQQQFPGQQQPFPPQQPYPQPQPFPSQQPYLQLQPFPQPQLPYPQPQLPYPQPQLPYPQPQPFRPQQPYPQSQPQYSQPQQPISQQQQQQQQQQQQKQQQQQQQQILQQILQQQLIPCRDVVLQQHSIAYGSSQVLQQSTYQLVQQLCCQQLWQIPEQSRCQAIHNVVHAIILHQQQQQQQQQQQQPLSQVSFQQPQQQYPSGQGSFQPSQQNPQAQGSVQPQQLPQFEEIRNLALETLPAMCNVYIPPYCTIAPVGIFGTN,RFDFPDELRPAVVHG,Myelin-associated Glycoprotein,"PNS, CNS"
>sp|P18573|GDA9_WHEAT Alpha/beta-gliadin MM1 OS=Triticum aestivum OX=4565 PE=1 SV=34,MKTFLILALLAIVATTARIAVRVPVPQLQPQNPSQQQPQEQVPLVQQQQFPGQQQPFPPQQPYPQPQPFPSQQPYLQLQPFPQPQLPYPQPQLPYPQPQLPYPQPQPFRPQQPYPQSQPQYSQPQQPISQQQQQQQQQQQQKQQQQQQQQILQQILQQQLIPCRDVVLQQHSIAYGSSQVLQQSTYQLVQQLCCQQLWQIPEQSRCQAIHNVVHAIILHQQQQQQQQQQQQPLSQVSFQQPQQQYPSGQGSFQPSQQNPQAQGSVQPQQLPQFEEIRNLALETLPAMCNVYIPPYCTIAPVGIFGTN,GHWGAWMPSSISAFEGTCVSI,Myelin-associated Glycoprotein,"PNS, CNS"
>sp|P18573|GDA9_WHEAT Alpha/beta-gliadin MM1 OS=Triticum aestivum OX=4565 PE=1 SV=35,MKTFLILALLAIVATTARIAVRVPVPQLQPQNPSQQQPQEQVPLVQQQQFPGQQQPFPPQQPYPQPQPFPSQQPYLQLQPFPQPQLPYPQPQLPYPQPQLPYPQPQPFRPQQPYPQSQPQYSQPQQPISQQQQQQQQQQQQKQQQQQQQQILQQILQQQLIPCRDVVLQQHSIAYGSSQVLQQSTYQLVQQLCCQQLWQIPEQSRCQAIHNVVHAIILHQQQQQQQQQQQQPLSQVSFQQPQQQYPSGQGSFQPSQQNPQAQGSVQPQQLPQFEEIRNLALETLPAMCNVYIPPYCTIAPVGIFGTN,GGHWGAWMPSSISAF,Myelin-associated Glycoprotein,"PNS, CNS"
>sp|P18573|GDA9_WHEAT Alpha/beta-gliadin MM1 OS=Triticum aestivum OX=4565 PE=1 SV=36,MKTFLILALLAIVATTARIAVRVPVPQLQPQNPSQQQPQEQVPLVQQQQFPGQQQPFPPQQPYPQPQPFPSQQPYLQLQPFPQPQLPYPQPQLPYPQPQLPYPQPQPFRPQQPYPQSQPQYSQPQQPISQQQQQQQQQQQQKQQQQQQQQILQQILQQQLIPCRDVVLQQHSIAYGSSQVLQQSTYQLVQQLCCQQLWQIPEQSRCQAIHNVVHAIILHQQQQQQQQQQQQPLSQVSFQQPQQQYPSGQGSFQPSQQNPQAQGSVQPQQLPQFEEIRNLALETLPAMCNVYIPPYCTIAPVGIFGTN,CVSIPCRFDFPDELR,Myelin-associated Glycoprotein,"PNS, CNS"
